{"cameraMode":{"drawMode":0,"name":"Shaded","section":"Shading Mode"},"sceneLighting":false,"audioPlay":false,"sceneViewState":{"showFog":true,"showMaterialUpdate":false,"showSkybox":false,"showFlares":true,"showImageEffects":true,"showParticleSystems":true},"in2DMode":false,"pivot":{"x":2.384185791015625e-7,"y":0.0,"z":2.980232238769531e-7},"rotation":{"x":0.19537487626075746,"y":0.04059243202209473,"z":-0.008093751966953278,"w":0.9798548221588135},"size":4.307389259338379,"orthographic":false}